model,MAE,RMSE,R2
Simple Linear Regression (MedInc),0.629908653009376,0.8420901241414454,0.45885918903846656
Multiple Linear Regression (all features),0.5332001304956565,0.7455813830127764,0.5757877060324508
